{"timeslice":[1, 2, 3, 4, 5, 6, 7, 8, 9, 10, 11, 12, 13, 14, 15, 16, 17, 18, 19, 20],
"freq_difference":[-0.0023751435132,-0.00180576963459,0.0009200648543,4.40505804312e-05,-0.00150913340046,-0.000322408693858,-0.00134408602151,-0.000336021505376,-0.000510563380282,-0.000578703703704,-0.000811912658928,-0.00123082504146,-0.00246554677122,-0.00528977138119,-0.00248582581081,-0.00496216832504,-0.00544671975764,0.000357136419353,-0.00362879469376,0.0]}