{"timeslice":[1, 2, 3, 4, 5, 6, 7, 8, 9, 10, 11, 12, 13, 14, 15, 16, 17, 18, 19, 20],
"freq_difference":[0.0,0.00100806451613,0.0,0.0,-0.000822368421053,0.0,-0.000822368421053,-0.00198841319717,-0.0012887863315,-0.000822368421053,-0.000822368421053,0.0,0.0,0.0,0.0,0.0,0.0,0.0,0.0,0.0]}