{"timeslice":[1, 2, 3, 4, 5, 6, 7, 8, 9, 10, 11, 12, 13, 14, 15, 16, 17, 18, 19, 20],
"freq_difference":[0.00282797247112,0.00433877270519,0.0075189463656,0.00716408336953,0.00593029100586,-0.00828268613137,0.000907295327889,-0.00806077049136,0.0022313839683,-0.00336055255062,-0.00260013538215,0.0093600929656,0.00489160519861,-0.00389023867861,0.00790384343415,-0.00192976227912,-0.00400035955215,-0.00708991160979,-0.00615601643278,0.000910752953558]}