{"timeslice":[1, 2, 3, 4, 5, 6, 7, 8, 9, 10, 11, 12, 13, 14, 15, 16, 17, 18, 19, 20],
"freq_difference":[0.0127595524103,-0.0132939378733,0.0125490647886,0.020793889205,0.0170755609404,-0.00991894527506,-0.00371263662918,-0.00858830171192,0.00091332859149,-0.00488797899683,0.00350798814784,0.00668481914965,0.00592961276957,0.0028881280813,0.00694475647023,-0.00478552096094,-0.000748899951376,0.000379479973297,-0.00565407458774,0.00745152424015]}