{"timeslice":[1, 2, 3, 4, 5, 6, 7, 8, 9, 10, 11, 12, 13, 14, 15, 16, 17, 18, 19, 20],
"freq_difference":[0.0,0.0,0.0,-0.000336021505376,0.00114941543199,-0.000801282051282,0.0,0.0,0.0,0.0,0.0,0.0,-0.000637755102041,0.0,0.0,0.0,0.0,0.0,0.0,0.0]}