{"timeslice":[1, 2, 3, 4, 5, 6, 7, 8, 9, 10, 11, 12, 13, 14, 15, 16, 17, 18, 19, 20],
"freq_difference":[0.000184914129586,-0.0014880952381,0.000844594594595,-0.000235474529829,-0.00100806451613,-0.00249615975422,-0.000336021505376,0.00145348837209,-0.00132042253521,-0.00113976771074,-0.00273419060726,-0.0019198581862,0.00039072268067,-0.000466417910448,0.00316730301978,-0.000679347826087,0.0,-0.00100806451613,-0.00160487883165,-0.00174518685818]}