{"timeslice":[1, 2, 3, 4, 5, 6, 7, 8, 9, 10, 11, 12, 13, 14, 15, 16, 17, 18, 19, 20],
"freq_difference":[0.00323389058675,0.00331543702539,-0.00266275934581,-0.0252599708834,0.00659377540377,-0.00917262882686,0.00292211357294,0.0287859292914,0.00971922358026,0.0229749624264,0.0229388460975,0.00698590018556,-0.0078490932977,0.0252926666704,-0.0066349333908,0.000444583795562,0.0310745578123,0.0116168310965,0.0258855480043,0.00235678467689]}