{"timeslice":[1, 2, 3, 4, 5, 6, 7, 8, 9, 10, 11, 12, 13, 14, 15, 16, 17, 18, 19, 20],
"freq_difference":[0.00873234501777,0.0141215337005,0.00791102960971,0.00584727642259,0.00837222924706,-0.0188033266472,-0.00646203365357,-0.0146092195147,0.00494045474214,-0.00234070956667,-0.0124235921553,0.00668535386213,0.00614353178782,-0.0136632179206,0.00713318964315,0.0100531145699,-0.00982291748642,-0.0161239689588,-0.00292102001442,-0.0106880396333]}