{"timeslice":[1, 2, 3, 4, 5, 6, 7, 8, 9, 10, 11, 12, 13, 14, 15, 16, 17, 18, 19, 20],
"freq_difference":[0.0,0.0,0.0,0.0,0.0,0.0,0.0,0.0,-0.000679347826087,0.0,0.0,-0.000966494845361,0.00102459016393,0.00256147540984,0.0014880952381,0.00186011904762,0.00111169467787,0.000367647058824,0.00119301885382,-0.000903359250399]}