{"timeslice":[1, 2, 3, 4, 5, 6, 7, 8, 9, 10, 11, 12, 13, 14, 15, 16, 17, 18, 19, 20],
"freq_difference":[0.00573072210315,0.00847066416313,-0.00693953947656,-0.0130770712249,-0.0104793959266,0.0239392408507,-0.000936391832547,-0.0030573875709,-0.00365656909654,0.0215681310955,0.00232978677108,-0.0050608130254,0.0025423790207,0.00753382666545,-0.00183738952782,-0.0014764370368,-0.0053259358326,-0.00599296133511,0.0015953651639,-0.00636450377131]}