{"timeslice":[1, 2, 3, 4, 5, 6, 7, 8, 9, 10, 11, 12, 13, 14, 15, 16, 17, 18, 19, 20],
"freq_difference":[-0.000589622641509,0.0,0.0,0.0,0.0,-0.000744047619048,0.0,0.00135869565217,-0.00215517241379,0.0,0.00161710349462,0.00193014705882,0.0,0.0,-0.00625,0.000726744186047,0.0,0.0,-0.00201822916667,-0.00255841373848]}