{"timeslice":[1, 2, 3, 4, 5, 6, 7, 8, 9, 10, 11, 12, 13, 14, 15, 16, 17, 18, 19, 20],
"freq_difference":[-0.0031734486053,0.0026351543585,-0.000939082833389,-0.00420092873966,-0.00236931163002,0.00540617420092,0.000573925644402,0.00131440114775,0.00354784868882,0.00132485214271,-0.000427566028226,4.03757015503e-05,-0.00343607459742,-0.00941153284086,-0.00132255106598,0.00114909563729,-0.00422050735553,-0.00112851573474,0.000765920978345,0.0018738266179]}