{"timeslice":[1, 2, 3, 4, 5, 6, 7, 8, 9, 10, 11, 12, 13, 14, 15, 16, 17, 18, 19, 20],
"freq_difference":[0.00135869565217,0.00100806451613,0.0,0.000844594594595,0.0,0.0,0.0,0.0,0.0,0.0,0.0,0.00100806451613,0.0,0.000833333333333,0.0,0.000512295081967,-0.000744047619048,0.0,0.000710227272727,0.0]}