{"timeslice":[1, 2, 3, 4, 5, 6, 7, 8, 9, 10, 11, 12, 13, 14, 15, 16, 17, 18, 19, 20],
"freq_difference":[-0.00028947411197,0.00661425452673,-0.000658289259815,-0.00486197287981,-0.000369423056705,-0.00471898634568,0.00174216131108,0.00871426013706,0.0114452677777,-0.00471654933057,0.00181821124554,-0.00125808699932,-0.0209813655766,-0.00569737554175,-0.0109560251143,-0.0165337391481,0.00646246323455,-0.00767858474881,-0.000961944001229,0.0189114667092]}