{"timeslice":[1, 2, 3, 4, 5, 6, 7, 8, 9, 10, 11, 12, 13, 14, 15, 16, 17, 18, 19, 20],
"freq_difference":[0.0,0.0,0.0,0.0,0.0,0.0,0.0,0.00135869565217,-0.000515367316342,0.0,0.001953125,0.00234375,0.0,0.0,0.0,0.0,0.0,0.0,0.0,0.0]}