{"timeslice":[1, 2, 3, 4, 5, 6, 7, 8, 9, 10, 11, 12, 13, 14, 15, 16, 17, 18, 19, 20],
"freq_difference":[-0.000520833333333,0.0,0.00302419354839,0.0,0.0,0.00100806451613,0.0,0.0,-0.000589622641509,0.00100806451613,0.00201612903226,0.00100806451613,0.0,-0.000589622641509,0.0,0.0015368852459,0.000512295081967,-0.00195160031226,-0.000868055555556,0.000512295081967]}