{"timeslice":[1, 2, 3, 4, 5, 6, 7, 8, 9, 10, 11, 12, 13, 14, 15, 16, 17, 18, 19, 20],
"freq_difference":[-0.0010775862069,0.0,-0.000336021505376,0.0,0.000473484848485,0.000744047619048,-0.000868055555556,-0.000868055555556,-0.00173611111111,0.0,0.00190476190476,8.59983168525e-05,-0.0015058106576,0.0,-0.000822368421053,-0.00127551020408,0.0014880952381,0.000735294117647,-0.00499031007752,0.000325412650936]}