{"timeslice":[1, 2, 3, 4, 5, 6, 7, 8, 9, 10, 11, 12, 13, 14, 15, 16, 17, 18, 19, 20],
"freq_difference":[0.0026912568306,-0.00361969111969,-0.00788288288288,-0.00585183397683,0.0,-0.00477630568356,-0.00108006912442,0.00145348837209,-0.00528169014085,-0.00137297666597,-0.00823820166143,-0.00134408602151,-0.00108006912442,-0.00233208955224,-0.00156478728702,0.0,0.0,-0.00100806451613,-0.0032097576633,-0.00428216656234]}