{"timeslice":[1, 2, 3, 4, 5, 6, 7, 8, 9, 10, 11, 12, 13, 14, 15, 16, 17, 18, 19, 20],
"freq_difference":[-0.0062657722355,-6.11306729264e-06,-0.000822368421053,0.0010775862069,-0.00383528089466,-0.000702629792904,0.00136159078638,-0.00288403098003,0.00173611111111,-0.00205672188469,0.000509404388715,-0.000978933948519,-0.00159794530476,-0.000520833333333,-0.00132758088264,-0.000584017885298,-0.00308751143425,-0.00244715879848,-0.00316349507705,-0.00257140488822]}