{"timeslice":[1, 2, 3, 4, 5, 6, 7, 8, 9, 10, 11, 12, 13, 14, 15, 16, 17, 18, 19, 20],
"freq_difference":[0.0,0.00297619047619,0.00387687969925,0.0,0.00164473684211,0.000900689223058,0.000744047619048,0.00164473684211,-0.00223214285714,0.0,-0.000744047619048,0.00141152788688,0.00231221710994,-0.000233208955224,0.00156816949089,-0.00377950172298,-0.00148180751174,-0.00185703427308,-0.000744047619048,0.000958806818182]}