{"timeslice":[1, 2, 3, 4, 5, 6, 7, 8, 9, 10, 11, 12, 13, 14, 15, 16, 17, 18, 19, 20],
"freq_difference":[0.0,-0.00462962962963,-0.00164473684211,-0.00552114614615,-0.000578703703704,0.0,-0.000466417910448,0.000992063492063,-0.00160256410256,0.0,0.0,0.00177326417454,0.0,-0.000868055555556,-0.000868055555556,-0.00246710526316,0.00171880767811,-0.00200826585695,0.00479166666667,-0.000461879827689]}