{"timeslice":[1, 2, 3, 4, 5, 6, 7, 8, 9, 10, 11, 12, 13, 14, 15, 16, 17, 18, 19, 20],
"freq_difference":[-0.00247783437087,0.000448339547086,-0.000372023809524,0.000405543196144,0.00257579076502,-0.00130783151809,0.000464187973426,0.00284195916112,0.00160583464155,-0.00217436743937,-0.000336021505376,-0.00351903892019,0.000451311642566,0.000726282593358,0.00229242223524,0.00295236917141,0.0041429069335,0.000616453636509,-0.00278288062577,-0.00489097919595]}