{"timeslice":[1, 2, 3, 4, 5, 6, 7, 8, 9, 10, 11, 12, 13, 14, 15, 16, 17, 18, 19, 20],
"freq_difference":[0.0114720676833,0.0144880285814,-0.0103279329449,-0.0292787306676,-0.0163687131655,-0.0144464222816,-0.00669476421834,-0.00388396614759,0.0040432490957,-0.024050509137,-0.00536101343297,-0.0153527660169,-0.0216265712991,-0.008231929516,-0.000787584323408,-0.00751399439262,-0.0129163062832,0.00502631266022,0.000503847274096,0.012974664033]}