{"timeslice":[1, 2, 3, 4, 5, 6, 7, 8, 9, 10, 11, 12, 13, 14, 15, 16, 17, 18, 19, 20],
"freq_difference":[0.0,-0.0014880952381,0.0,0.0,0.0,-0.000672043010753,0.0,0.000726744186047,-0.00044014084507,0.0,-0.000233208955224,0.0,0.000726744186047,0.0,0.0,0.0,0.0,-0.000336021505376,-0.0005692304606,-0.000408496732026]}