{"timeslice":[1, 2, 3, 4, 5, 6, 7, 8, 9, 10, 11, 12, 13, 14, 15, 16, 17, 18, 19, 20],
"freq_difference":[-0.00493996014961,-0.0181175418101,-0.0181360652436,-0.00606604403595,-0.0435832065094,0.0224866500942,0.00731909974188,-0.0109669118592,-0.0244160718158,0.0207264797135,0.000961375116335,0.00355495745391,0.00483696226067,-0.0106849605096,-0.00646036870841,-0.0119790340135,0.0100233402364,0.00258214594572,-0.00258556322097,-0.0161036853038]}