{"timeslice":[1, 2, 3, 4, 5, 6, 7, 8, 9, 10, 11, 12, 13, 14, 15, 16, 17, 18, 19, 20],
"freq_difference":[0.0,0.0,0.0,0.00100806451613,0.0,0.0,0.0,0.0,0.0,0.00100806451613,0.00201612903226,0.00201612903226,0.0,-0.000589622641509,0.0,0.0015368852459,0.0,-0.00120755269321,0.0,0.0]}