{"timeslice":[1, 2, 3, 4, 5, 6, 7, 8, 9, 10, 11, 12, 13, 14, 15, 16, 17, 18, 19, 20],
"freq_difference":[-0.000822368421053,0.000448339547086,-0.000372023809524,0.000816052227343,-0.000640675604429,-0.00260799607256,-0.000150788993219,0.00119754632622,0.000520833333333,-0.000801390773406,-0.000776162350447,-0.00176234090905,0.000520833333333,1.60553206312e-05,0.00188784299764,0.000350655408979,0.000888730017469,-0.00106050446016,-0.000279455590076,-0.00144426281256]}