{"timeslice":[1, 2, 3, 4, 5, 6, 7, 8, 9, 10, 11, 12, 13, 14, 15, 16, 17, 18, 19, 20],
"freq_difference":[-0.00858349573344,0.00151733618447,-0.00168582463647,-0.000282403180104,-0.00597134948635,-0.000405539186883,-0.00179587049417,0.00297634186111,0.00982463281895,0.00194816523835,-0.00227199822546,-0.000998105292281,0.000119914546063,0.000593357632618,0.00770471554885,0.00461389656195,0.00170220987522,-0.00223013063147,-0.00730726002401,-0.000269612518147]}