{"timeslice":[1, 2, 3, 4, 5, 6, 7, 8, 9, 10, 11, 12, 13, 14, 15, 16, 17, 18, 19, 20],
"freq_difference":[0.000697209211553,0.000100546975547,0.00253378378378,-0.00108006912442,-0.000672043010753,-0.00182411674347,-0.000744047619048,0.00145348837209,-0.00044014084507,-0.00177721307257,-0.00263386097463,6.85577322166e-05,-0.000353324938377,-0.00114576573653,0.000307722635558,0.0,0.0,-0.000336021505376,-2.11894158241e-05,-0.00140118961016]}