{"timeslice":[1, 2, 3, 4, 5, 6, 7, 8, 9, 10, 11, 12, 13, 14, 15, 16, 17, 18, 19, 20],
"freq_difference":[-0.000773679432919,-0.00044014084507,0.0,0.000567923671059,-0.00636769441278,-0.00209686147186,0.00222964634193,-0.00331194569051,-0.00326010614046,-0.0051036456257,-0.000822368421053,-0.00959962360369,-0.00612943537032,-0.000640452179571,0.00111636752508,-0.000132355715421,-0.00238838136902,-0.00131079516212,-0.00431034482759,-0.00424995263357]}