{"timeslice":[1, 2, 3, 4, 5, 6, 7, 8, 9, 10, 11, 12, 13, 14, 15, 16, 17, 18, 19, 20],
"freq_difference":[0.00301338652661,-0.00516252914619,-0.00203795079115,0.00221119521185,0.0251146330368,0.00882239980774,0.0126257893337,0.0184914173692,0.00257263017094,-0.00253431520553,0.00731548785015,-0.0159684565158,0.00536774204047,0.0161335454919,0.00417743062388,0.0111808508651,0.0317555597745,0.0273401318515,0.0253140797802,-0.00172503021849]}