{"timeslice":[1, 2, 3, 4, 5, 6, 7, 8, 9, 10, 11, 12, 13, 14, 15, 16, 17, 18, 19, 20],
"freq_difference":[-0.000822368421053,7.63157375626e-05,0.0,0.000816052227343,-0.000640675604429,-0.00260799607256,-0.000522812802742,0.00195889737827,0.000520833333333,-0.000801390773406,-0.000776162350447,-0.00176234090905,0.000520833333333,1.60553206312e-05,0.00188784299764,-0.000471713012073,0.00223193177186,-0.00106050446016,0.00110089504745,-0.00236614949506]}