{"timeslice":[1, 2, 3, 4, 5, 6, 7, 8, 9, 10, 11, 12, 13, 14, 15, 16, 17, 18, 19, 20],
"freq_difference":[-0.0134155953171,0.00673156326626,-0.00640344839911,-0.00197308262079,-0.00574324539737,0.00462660563846,0.00377393720996,-0.00247640243789,-0.0127412724435,0.000979958519181,0.00216817106981,-0.00174910697424,-0.00602663724302,-0.00291935941975,-6.18237693204e-05,-0.00325537505444,-0.00441768963332,-0.012269578856,-0.000546494975042,-0.0166663139791]}