{"timeslice":[1, 2, 3, 4, 5, 6, 7, 8, 9, 10, 11, 12, 13, 14, 15, 16, 17, 18, 19, 20],
"freq_difference":[0.0014412568306,0.000100546975547,0.00168918918919,-0.000979522148877,-0.000336021505376,-0.00182411674347,-0.00108006912442,0.00145348837209,0.0,-0.00113976771074,-0.00371144718153,6.85577322166e-05,-0.000353324938377,-0.000912556781311,0.000987070461645,-0.000912556781311,0.0,-0.000336021505376,-2.11894158241e-05,-0.00140118961016]}