{"timeslice":[1, 2, 3, 4, 5, 6, 7, 8, 9, 10, 11, 12, 13, 14, 15, 16, 17, 18, 19, 20],
"freq_difference":[-0.00316516462413,0.00326188568626,-0.00126759605827,-0.00374647437229,0.000604897730525,-0.00273002584944,-0.00088140943946,0.0146636371754,0.00503430026566,0.00106833587512,-0.00517423950113,-0.0192996339033,0.0167329496802,0.00493967170708,0.0118800025806,0.00334254758381,0.00202921713804,-0.000943185796176,-0.0192964687329,-0.0261757995105]}