{"timeslice":[1, 2, 3, 4, 5, 6, 7, 8, 9, 10, 11, 12, 13, 14, 15, 16, 17, 18, 19, 20],
"freq_difference":[0.00602235265707,-0.000619116115752,0.00720108974432,0.0134244575418,-0.00312186066832,-0.00662807200144,-0.0127115472932,-0.0236967781011,-0.0234860156029,-0.00960183258046,0.00180251955098,0.00326732952443,0.00795468417312,-0.0023906443276,0.0102283767374,0.00827209091711,0.00228738180885,-0.0203223955651,-0.0181289407237,-0.000321371454256]}