{"timeslice":[1, 2, 3, 4, 5, 6, 7, 8, 9, 10, 11, 12, 13, 14, 15, 16, 17, 18, 19, 20],
"freq_difference":[0.00357993258522,0.00443758957047,0.00450144000979,0.00935387685943,0.00488025247038,-0.00613884370717,0.00309484362475,-0.0068650453877,-0.00271578856766,-0.0049478009194,0.00285917987353,0.00315302528787,0.00628237839345,0.000804036485016,0.00295609015765,-0.00110019194524,-0.00246128284963,-0.00597706657059,-0.00541769225695,-0.000778490668286]}