{"timeslice":[1, 2, 3, 4, 5, 6, 7, 8, 9, 10, 11, 12, 13, 14, 15, 16, 17, 18, 19, 20],
"freq_difference":[-0.00150808457711,-6.11306729264e-06,0.000434027777778,0.000209530651341,-0.00303087224373,-0.00224447123801,-0.00126250926612,0.000234394863972,0.0,0.00216650062355,0.0024844348659,-0.00139080838636,-0.00190143884076,-0.00210734969348,0.00055798221647,-0.000233175864448,-0.00216545485031,-0.00279978222453,-0.00035084202085,-0.00275655895616]}