{"timeslice":[1, 2, 3, 4, 5, 6, 7, 8, 9, 10, 11, 12, 13, 14, 15, 16, 17, 18, 19, 20],
"freq_difference":[-0.0157295787936,0.0025520068868,0.00105846485873,-0.0356298418633,-0.0206545670832,-0.0162878082346,-0.00708546479026,0.00480823589788,0.0167366644247,-0.00189749408396,-0.0205690951183,-0.0191222122588,-0.0127218353717,-0.0142913151887,-0.00989003442436,-0.00313445900866,0.00470533439136,0.0138713449292,-0.00922090449221,0.035051180096]}