{"timeslice":[1, 2, 3, 4, 5, 6, 7, 8, 9, 10, 11, 12, 13, 14, 15, 16, 17, 18, 19, 20],
"freq_difference":[0.00353075805423,8.67025126986e-05,-0.00393647693155,-2.61466668782e-06,0.00419263569168,0.020909447067,-0.000496049724319,-0.0017406632758,-0.000335477259302,-5.28545202841e-05,-0.00137255319552,-0.000367339770949,-0.00192577666152,-1.83392018779e-05,-0.000534534945994,-0.00242331392199,0.000754910329765,-0.0023191945823,-0.00115389541299,-0.0045425397848]}