{"timeslice":[1, 2, 3, 4, 5, 6, 7, 8, 9, 10, 11, 12, 13, 14, 15, 16, 17, 18, 19, 20],
"freq_difference":[-0.00220070422535,0.0,0.0,0.0,0.0,0.0,0.0,0.0,-0.000744047619048,0.0,-0.00044014084507,-0.00127551020408,-0.00078125,-0.00044014084507,-0.00044014084507,-0.000637755102041,0.0,0.0,0.0,-2.83746973366e-05]}