{"timeslice":[1, 2, 3, 4, 5, 6, 7, 8, 9, 10, 11, 12, 13, 14, 15, 16, 17, 18, 19, 20],
"freq_difference":[-0.00576981202451,0.00164879849631,-0.00643602711089,0.00508157994257,-0.00559535700283,0.00294615600742,-0.00230380396995,0.00502949943576,-0.00113701358006,0.00697470771443,-0.00176432260087,0.00578143812389,0.00530197161691,-0.00253415256936,-0.00466439678723,0.00496566460558,-0.0157477296158,-0.00203126542554,-0.0016500538382,-0.003824974372]}