{"timeslice":[1, 2, 3, 4, 5, 6, 7, 8, 9, 10, 11, 12, 13, 14, 15, 16, 17, 18, 19, 20],
"freq_difference":[0.011638833865,-0.0128141342287,0.00988965321835,0.026052236269,0.0129059975422,-0.00626209254113,-0.00293663059312,-0.00662242670886,0.00251442422968,-0.00472660106957,0.00309661208023,0.00836700155733,0.00587323723494,0.00168974774712,0.0101814856247,-0.004468592451,-0.00144149078854,-0.00155294302135,-0.00871598362991,0.00824684090537]}