{"timeslice":[1, 2, 3, 4, 5, 6, 7, 8, 9, 10, 11, 12, 13, 14, 15, 16, 17, 18, 19, 20],
"freq_difference":[0.00698618017506,-6.1765491453e-05,0.0,-0.000637755102041,0.00243506493506,0.0022197997416,-0.00296353202213,0.00318828966927,0.000367647058824,0.0010119047619,0.00290697674419,0.000809158475186,0.00369939474746,0.00290697674419,0.0,-0.000988597122891,0.000961538461538,-0.00279292751583,-0.00104251368576,0.00229276228151]}