{"timeslice":[1, 2, 3, 4, 5, 6, 7, 8, 9, 10, 11, 12, 13, 14, 15, 16, 17, 18, 19, 20],
"freq_difference":[0.00838206430495,0.00855150302818,-0.00538665154399,0.0152863188874,0.0304447933107,0.0108280019374,0.0280056645105,0.0446738457412,0.00794004450102,0.019509472054,0.0272435158697,-0.010976420673,0.0135896465343,0.0309415545987,-0.00207244295925,0.00655419410532,0.0294277816433,0.0343503822956,0.0256243409498,0.0104255128016]}