{"timeslice":[1, 2, 3, 4, 5, 6, 7, 8, 9, 10, 11, 12, 13, 14, 15, 16, 17, 18, 19, 20],
"freq_difference":[0.000184914129586,-0.00223214285714,0.00168918918919,-0.000336021505376,-0.00100806451613,-0.0028321812596,0.0,0.00145348837209,-0.00176056338028,-0.00177721307257,-0.00165660440036,-0.0019198581862,0.00039072268067,-0.000466417910448,0.0024879551937,0.0,0.0,-0.00100806451613,-0.00160487883165,-0.00174518685818]}