{"timeslice":[1, 2, 3, 4, 5, 6, 7, 8, 9, 10, 11, 12, 13, 14, 15, 16, 17, 18, 19, 20],
"freq_difference":[0.0,0.0,0.0,0.0,0.0,0.0,0.0,0.0,-0.00203804347826,0.0,0.0,0.00140485043096,0.0015368852459,0.00256147540984,0.00460455698673,-0.00141369047619,0.000367647058824,0.00147058823529,0.00092471077301,-0.00125667536016]}