{"timeslice":[1, 2, 3, 4, 5, 6, 7, 8, 9, 10, 11, 12, 13, 14, 15, 16, 17, 18, 19, 20],
"freq_difference":[0.0,0.0,0.0,0.0,0.0,0.0,-0.000372023809524,0.000761351052049,0.0,0.0,0.0,0.0,0.0,0.0,0.0,0.0,0.000520833333333,0.0,0.00138035063752,0.0]}