{"timeslice":[1, 2, 3, 4, 5, 6, 7, 8, 9, 10, 11, 12, 13, 14, 15, 16, 17, 18, 19, 20],
"freq_difference":[-0.00390876275103,-0.000868055555556,-0.000822368421053,0.0,-9.4696969697e-05,0.00284679089027,0.0009765625,-0.0015947997416,-0.00237386621315,-0.00127551020408,0.00326345755694,0.00103670634921,-0.000868055555556,-0.00246710526316,0.0,0.0,0.0,0.0,0.0,-0.000708280624078]}