{"timeslice":[1, 2, 3, 4, 5, 6, 7, 8, 9, 10, 11, 12, 13, 14, 15, 16, 17, 18, 19, 20],
"freq_difference":[-0.000372390146252,0.00465601366214,-0.0078835678768,0.00598423046075,0.0055603066075,0.000579818559971,0.0108148612649,0.00762145808392,0.0104027264937,0.00137479574087,-0.00125561850393,-0.0020066242553,-0.0013090088295,0.00174642948175,-0.00397350691362,-0.00380750569911,0.000126938489995,0.012134226398,0.00712765656026,-0.0034801553898]}