{"timeslice":[1, 2, 3, 4, 5, 6, 7, 8, 9, 10, 11, 12, 13, 14, 15, 16, 17, 18, 19, 20],
"freq_difference":[0.00592237835446,0.000474079624477,-0.00666030422358,0.00249697037215,0.025665329217,0.0124281547091,0.0122456579571,0.0180854315129,0.00467612023527,0.00689944061566,0.0110080628316,-0.0126479133112,-0.00432317982602,0.0163476886863,-0.00385698239137,0.00607081139888,0.0254562283406,0.0280016152734,0.0210214713082,-0.00122589674]}