{"timeslice":[1, 2, 3, 4, 5, 6, 7, 8, 9, 10, 11, 12, 13, 14, 15, 16, 17, 18, 19, 20],
"freq_difference":[0.00301304040051,0.00846125219081,0.00836978502277,0.0131922725175,0.00854011029006,-0.00778368290163,0.00568332407362,-0.0270806639368,0.00517416371866,-0.00342745511657,-0.00192150008931,-0.000905601083357,0.0068112795728,-0.00280234235988,0.011284126756,0.0140987250162,-0.00682253404086,-0.0110382584599,-0.000896059451486,-0.00433578310283]}