{"timeslice":[1, 2, 3, 4, 5, 6, 7, 8, 9, 10, 11, 12, 13, 14, 15, 16, 17, 18, 19, 20],
"freq_difference":[-5.258671363e-05,0.00827477457214,-0.00796745661862,-0.0240316887044,-0.0178752943136,0.0311057222913,0.00111026501205,-0.00599970594449,0.00163373135526,0.0220384266954,0.00480754122882,-0.00723959082735,-0.00585658116662,-0.000992813869557,-0.00571452531037,0.000606088894287,-0.0225422871262,-0.00858489538855,-0.001558575699,-0.0150928780806]}