{"timeslice":[1, 2, 3, 4, 5, 6, 7, 8, 9, 10, 11, 12, 13, 14, 15, 16, 17, 18, 19, 20],
"freq_difference":[-0.00160423805052,0.00617633630677,-0.0146438734983,-0.0174711677972,-0.0390886966975,0.0333964590217,0.0167896567791,-0.00536346085027,-0.0120650006703,0.0369381149072,0.0114622856713,-0.00338740052217,0.00708849220043,0.0116642689697,-0.0101555718412,0.0201927667473,-0.0115702181294,-0.00790784777402,-0.0198928346614,-0.0227261091442]}