{"timeslice":[1, 2, 3, 4, 5, 6, 7, 8, 9, 10, 11, 12, 13, 14, 15, 16, 17, 18, 19, 20],
"freq_difference":[0.0,0.0,0.0,0.0,0.0,0.0,0.0,0.0,0.0,0.0,-0.00175693403298,0.0,0.0,-0.000679347826087,0.0,-0.000679347826087,0.0,0.0,0.0,0.0]}