{"timeslice":[1, 2, 3, 4, 5, 6, 7, 8, 9, 10, 11, 12, 13, 14, 15, 16, 17, 18, 19, 20],
"freq_difference":[0.00562242796251,0.00755603775921,-0.00264434299841,0.00132976329091,0.012477220389,0.00837726590945,-0.00165229480068,0.00525583799753,0.0168932682336,0.00217916926761,0.000243274929464,-0.00475143020689,-0.00356891617972,-0.00660310675205,-0.0003347994302,-0.000146634033884,-0.0063231986547,-0.00585658832828,0.00500572630351,0.0147849903431]}