{"timeslice":[1, 2, 3, 4, 5, 6, 7, 8, 9, 10, 11, 12, 13, 14, 15, 16, 17, 18, 19, 20],
"freq_difference":[-0.0133401631397,-0.0237015497052,-0.0107695194142,0.00645236826074,-0.0136090244166,-0.00682761308664,-0.0130712365591,-0.0105074426256,-0.0156882536303,-0.00393864013267,-0.0123940307327,0.0094514407131,0.00472750410164,0.00576359275053,-0.00686657455848,0.0109815505804,-0.00584193075473,0.0123430603,0.000326296136707,0.00266790501166]}