{"timeslice":[1, 2, 3, 4, 5, 6, 7, 8, 9, 10, 11, 12, 13, 14, 15, 16, 17, 18, 19, 20],
"freq_difference":[-0.00566895774516,-0.00416413485568,-0.000912082478317,0.0020034658764,-0.00262096679814,-0.000146397429137,-0.00258176523297,-0.00200161980794,-0.00267119089185,-0.00104512161415,-0.00236086349605,0.00114834707476,0.000470171713313,0.000773661454632,-0.00143291275581,0.00132410862355,-0.00256658916062,0.00375354554767,0.00435417035134,0.000755754662005]}