{"timeslice":[1, 2, 3, 4, 5, 6, 7, 8, 9, 10, 11, 12, 13, 14, 15, 16, 17, 18, 19, 20],
"freq_difference":[0.000360526070839,0.0040688964744,0.000972952263668,-0.00627127811085,0.00120178720021,-0.00381740146087,0.00148628747926,0.0120037791683,0.0011657103129,-0.00346001275147,0.000637542640909,4.62294360292e-05,-0.0184342511123,-0.00342364121204,-0.0102005140707,-0.0179312872119,0.00838718444632,-0.00471487580781,-0.00195939914271,0.0164974025149]}