{"timeslice":[1, 2, 3, 4, 5, 6, 7, 8, 9, 10, 11, 12, 13, 14, 15, 16, 17, 18, 19, 20],
"freq_difference":[-0.007851305731,-0.00367511934816,0.00160182823129,-0.000759647673716,-0.00091164043454,8.68115260869e-05,-0.00258176523297,-0.00238634391468,-0.00332813345178,-0.00186625990112,-0.0022515933111,0.000885665915343,-0.000135202682822,0.000451496506178,-0.000709110162247,-0.00102281211852,-1.39447230366e-05,0.00505775893603,-0.000870964057265,-0.000936588942104]}