{"timeslice":[1, 2, 3, 4, 5, 6, 7, 8, 9, 10, 11, 12, 13, 14, 15, 16, 17, 18, 19, 20],
"freq_difference":[0.00616896077737,0.00941767531064,0.00996065815689,0.00733378033459,0.00947717547328,-0.0114228044997,-0.000726921557984,-0.0225105733206,0.00603427727408,-0.0032197215419,-0.00435466405077,0.00114029205339,0.00603612405939,-0.00310318958686,0.0106497401551,0.0133893136137,-0.00810987110699,-0.0115643259533,0.00105674809529,-0.00269838208329]}