{"timeslice":[1, 2, 3, 4, 5, 6, 7, 8, 9, 10, 11, 12, 13, 14, 15, 16, 17, 18, 19, 20],
"freq_difference":[0.00488349680959,-0.000957820082757,0.00155590253343,-0.00867586954136,0.00129014126194,0.00171888941356,0.000540669925954,0.000363422569799,0.00146401884894,0.00048122479178,-0.00141360771227,-0.00150056119234,-0.00307316362151,0.000292716408269,-0.00359941796352,0.00530500486844,-0.00953193194362,0.00147559904491,-0.00157913599059,-0.00588572429046]}