{"timeslice":[1, 2, 3, 4, 5, 6, 7, 8, 9, 10, 11, 12, 13, 14, 15, 16, 17, 18, 19, 20],
"freq_difference":[0.00577300105101,0.0014880952381,0.00223214285714,0.00276080827068,0.00130871533673,0.00164473684211,0.0,-0.000744047619048,-0.0014880952381,-0.000744047619048,-0.000587406015038,0.00117831893166,0.00141152788688,-0.000977256574271,0.0010276990132,-0.00255939371863,-0.00257480482675,-0.000466417910448,0.0,-0.000733901515152]}