{"timeslice":[1, 2, 3, 4, 5, 6, 7, 8, 9, 10, 11, 12, 13, 14, 15, 16, 17, 18, 19, 20],
"freq_difference":[0.0,0.0,0.000844594594595,0.0,0.0,0.0,0.0,0.0,0.0,-0.000466417910448,-0.000466417910448,0.0,0.0,0.0,-0.000233208955224,0.0,0.0,0.0,-0.00078125,0.000991694750058]}