{"timeslice":[1, 2, 3, 4, 5, 6, 7, 8, 9, 10, 11, 12, 13, 14, 15, 16, 17, 18, 19, 20],
"freq_difference":[-0.000966494845361,0.0,0.0,0.0,0.00094696969697,0.000480769230769,0.000512295081967,0.00271739130435,-0.000961538461538,0.000512295081967,0.0,0.00135869565217,0.0,0.00218023255814,0.0,-0.000336021505376,0.0,0.0,0.00180851686973,0.000512295081967]}