{"timeslice":[1, 2, 3, 4, 5, 6, 7, 8, 9, 10, 11, 12, 13, 14, 15, 16, 17, 18, 19, 20],
"freq_difference":[0.00184592683497,0.00302419354839,0.0,0.000844594594595,0.0,0.0,0.0,0.0,-0.000589622641509,0.0,0.0,0.0,-0.000589622641509,-0.000172955974843,0.000512295081967,0.000230300453515,-0.000744047619048,-0.000868055555556,0.000710227272727,-0.0016196013289]}