{"timeslice":[1, 2, 3, 4, 5, 6, 7, 8, 9, 10, 11, 12, 13, 14, 15, 16, 17, 18, 19, 20],
"freq_difference":[0.00660016109125,0.0011930023999,0.00575765669516,0.00443324040916,0.00236896142557,0.00405884103249,-0.00421389170103,0.00604817331791,-0.00173016703101,0.00107810000615,0.00446818028891,0.00224415147456,0.0024566977692,-0.00908346868927,0.000432946886936,-0.00148669665235,-0.0045992178463,-0.00151999082495,-0.00797360686341,0.00123825385922]}