{"timeslice":[1, 2, 3, 4, 5, 6, 7, 8, 9, 10, 11, 12, 13, 14, 15, 16, 17, 18, 19, 20],
"freq_difference":[-0.00503267148953,-0.00332880434783,-0.00324404064945,0.000821133633634,0.0012561842919,0.00422619047619,-0.0010775862069,-0.000868055555556,0.0,0.0,0.00190476190476,0.00891968968814,0.0,-0.000637755102041,0.0,-0.00215517241379,0.0,0.000367647058824,-0.000233208955224,0.00630688951664]}