{"timeslice":[1, 2, 3, 4, 5, 6, 7, 8, 9, 10, 11, 12, 13, 14, 15, 16, 17, 18, 19, 20],
"freq_difference":[-0.000411552767267,0.00330541410775,0.00570720339601,0.00759611878029,0.00779974373631,-0.00401673278856,-0.00289224027152,-0.0157192164046,0.000661371141997,-0.00041017307415,-0.00591301167709,0.00936066850848,0.00363939368773,-0.00454982896316,0.00241994632913,-0.000158814802327,-0.000726245722586,-0.00998229613724,-0.0068140928305,-0.00197379509736]}