{"timeslice":[1, 2, 3, 4, 5, 6, 7, 8, 9, 10, 11, 12, 13, 14, 15, 16, 17, 18, 19, 20],
"freq_difference":[-0.000589622641509,0.0,0.0,0.0,0.0,0.0,0.0,0.0,0.00192091454273,0.0,0.0029296875,0.00078125,0.0,0.0,0.0,0.0,0.0,0.0,-0.0009765625,0.0]}