{"timeslice":[1, 2, 3, 4, 5, 6, 7, 8, 9, 10, 11, 12, 13, 14, 15, 16, 17, 18, 19, 20],
"freq_difference":[3.0253735814e-05,0.00301686365951,0.00734896222212,0.00748379620703,0.00598645736139,-0.00887722178904,-0.00175480495684,-0.0144683495153,0.00393654958459,-0.0035035444243,0.000331422989989,0.00526708740719,0.00590990421326,-0.00528976099151,0.000658569279114,0.00148998611609,-0.00380014014584,-0.00986124077065,-0.00645833637508,-0.00160419293297]}