{"timeslice":[1, 2, 3, 4, 5, 6, 7, 8, 9, 10, 11, 12, 13, 14, 15, 16, 17, 18, 19, 20],
"freq_difference":[-0.00253115980721,-0.00115934105737,0.0020226122058,-0.00276636630093,-0.00109569250194,0.00292820331305,-0.00026480700976,-0.000480769230769,-0.000777712469523,-0.00250673491379,0.00310802888488,-0.000796640547357,-0.00492514336653,-7.1517620606e-05,-0.00355663601702,-0.00719405222245,0.00138475666429,0.0025651908889,0.00146714956768,0.00801512990249]}