{"timeslice":[1, 2, 3, 4, 5, 6, 7, 8, 9, 10, 11, 12, 13, 14, 15, 16, 17, 18, 19, 20],
"freq_difference":[0.00219490349242,-0.000744047619048,0.00139248420498,0.000974807441379,-0.0016468166675,0.000724109394704,0.00335908597224,-0.0012364671936,-7.90419549778e-05,-0.00204292239188,0.0019651135556,-0.00128050209678,-0.000768270617158,0.0032741967335,0.000282840741058,6.78588884234e-05,0.000252694306121,-0.0066369896534,0.00132487525751,-0.00219291747423]}