{"timeslice":[1, 2, 3, 4, 5, 6, 7, 8, 9, 10, 11, 12, 13, 14, 15, 16, 17, 18, 19, 20],
"freq_difference":[0.0,0.0,0.0,0.000844594594595,0.0,0.0,0.0,0.0,-0.000589622641509,0.0,0.0,0.0,0.00344263542301,0.000416666666667,0.0,0.000230300453515,0.0,0.0,-7.73275595422e-05,-0.000570440879801]}