{"timeslice":[1, 2, 3, 4, 5, 6, 7, 8, 9, 10, 11, 12, 13, 14, 15, 16, 17, 18, 19, 20],
"freq_difference":[-0.00307351162054,-0.00489130434783,-0.000822368421053,0.0,-0.0024814471243,0.000744047619048,0.000249818313953,-0.00173611111111,-0.000868055555556,0.000720940550133,0.00380952380952,0.000714541400753,-0.000726744186047,-0.00127551020408,0.0,0.0,0.0,8.54993160055e-06,0.0,-0.000682651865193]}