{"timeslice":[1, 2, 3, 4, 5, 6, 7, 8, 9, 10, 11, 12, 13, 14, 15, 16, 17, 18, 19, 20],
"freq_difference":[0.00731420555007,-0.0172465862157,0.0124862600558,0.00919317497987,0.0144504471365,-0.000206491486847,-0.0102815696081,0.000503325865246,0.0032882939938,-0.00322771496425,0.00869217412765,0.00800965725125,0.000987632771049,0.00236524723997,0.00782910389856,-0.00937286830405,0.00257995568669,-0.0124102240806,-0.00741260057344,0.000800923704498]}