{"timeslice":[1, 2, 3, 4, 5, 6, 7, 8, 9, 10, 11, 12, 13, 14, 15, 16, 17, 18, 19, 20],
"freq_difference":[-0.00219912627795,-0.00221499582507,0.00115327380952,-0.000795069789939,-0.00040719023928,-0.000585231484666,-0.00168010752688,0.000416666666667,-0.000927230046948,-0.000578703703704,-0.00404467127962,-0.00159749121567,-0.00209888059701,-0.00561193632964,-0.00496216832504,-0.00380454714998,-0.00777880930988,-0.00259231044832,-0.000233208955224,0.0]}