{"timeslice":[1, 2, 3, 4, 5, 6, 7, 8, 9, 10, 11, 12, 13, 14, 15, 16, 17, 18, 19, 20],
"freq_difference":[0.062525169261,0.00701243369695,0.0955951600505,0.123851254283,0.08583668318,-0.0901521333997,-0.0333754288546,-0.150396365537,0.00302602516373,-0.0430177817862,-0.00907508275795,0.0614114554843,0.0597239146367,-0.028417494028,0.0763464971386,0.0218771263471,-0.0466033282516,-0.111140128592,-0.0710460725221,-0.00972351464331]}