{"timeslice":[1, 2, 3, 4, 5, 6, 7, 8, 9, 10, 11, 12, 13, 14, 15, 16, 17, 18, 19, 20],
"freq_difference":[-0.00249305490435,-0.00215632698369,-0.00620659722222,-0.00735776403191,-0.0167620725347,-0.00369357073704,-8.12644314063e-05,-0.00530492651439,-0.00924323710113,-0.0203475189468,-0.0202704708578,-0.00320995982775,-0.00902980690557,-0.011791432055,0.00805960054649,0.00525720612752,-0.00932385142821,0.0117740457533,0.0110097794489,0.00537045015889]}