{"timeslice":[1, 2, 3, 4, 5, 6, 7, 8, 9, 10, 11, 12, 13, 14, 15, 16, 17, 18, 19, 20],
"freq_difference":[0.0062604911881,0.00250881252981,-0.0429127085034,-0.00364231849074,0.0844077923323,0.0470977807618,0.0759561701661,0.115071751769,0.0286158312348,0.0291085694363,0.0521870126553,-0.0271329764724,-0.0149391480571,0.0791428303725,-0.0115906222036,0.0152825083237,0.111814101352,0.136175101636,0.11694581878,0.0102308103698]}