{"timeslice":[1, 2, 3, 4, 5, 6, 7, 8, 9, 10, 11, 12, 13, 14, 15, 16, 17, 18, 19, 20],
"freq_difference":[-0.0018640095203,0.00183209705802,-0.00291360157132,0.00217818252547,0.00618097766426,-0.00216491836006,0.0127219919645,0.0123363590435,0.00858857767989,0.00360756777867,-0.00336768509301,0.000300901941133,-0.00635906071231,0.00487108726957,-0.00593288435191,-0.00456363572971,0.00105388115149,0.0121655724421,0.00734035717431,-0.00218968481276]}