{"timeslice":[1, 2, 3, 4, 5, 6, 7, 8, 9, 10, 11, 12, 13, 14, 15, 16, 17, 18, 19, 20],
"freq_difference":[0.0,0.0,0.0,0.0,0.0,0.0,-0.000679347826087,0.0,0.0,0.0,0.0,-0.000454199763394,0.00102459016393,0.00256147540984,0.00186011904762,-0.00401785714286,0.000367647058824,0.000367647058824,0.000112541953669,0.000157181445604]}