{"timeslice":[1, 2, 3, 4, 5, 6, 7, 8, 9, 10, 11, 12, 13, 14, 15, 16, 17, 18, 19, 20],
"freq_difference":[-0.000166030085385,0.0,-0.000644329896907,0.00168918918919,0.0,-0.000480769230769,0.0,0.00145348837209,-0.000223214285714,0.0,-0.000359195402299,0.0,-0.000966494845361,0.00145348837209,0.0,-0.000644329896907,-0.000372023809524,-0.00145329301075,0.00317152605459,0.00143742532855]}