{"timeslice":[1, 2, 3, 4, 5, 6, 7, 8, 9, 10, 11, 12, 13, 14, 15, 16, 17, 18, 19, 20],
"freq_difference":[-0.0291120887838,-0.0216508034198,-0.00225765306122,0.00545402462202,-0.0134712323081,-0.00341980095681,-0.0154569892473,-0.016043790035,-0.0103171475655,-0.0129694825981,-0.00608156732849,0.00542294352484,0.0044282953512,-0.000509674717966,0.00194607931135,-0.00470671973637,-0.00960185782744,0.0199421373495,-0.0033877477327,0.00038237905885]}