{"timeslice":[1, 2, 3, 4, 5, 6, 7, 8, 9, 10, 11, 12, 13, 14, 15, 16, 17, 18, 19, 20],
"freq_difference":[0.0687856604491,0.00952124622676,0.0526824515471,0.120208935792,0.170244475512,-0.0430543526379,0.0425807413115,-0.035324613768,0.0316418563985,-0.0139092123499,0.0431119298973,0.0342784790119,0.0447847665797,0.0507253363445,0.0647558749349,0.0371596346708,0.0652107731003,0.0250349730444,0.0458997462582,0.000507295726529]}