{"timeslice":[1, 2, 3, 4, 5, 6, 7, 8, 9, 10, 11, 12, 13, 14, 15, 16, 17, 18, 19, 20],
"freq_difference":[0.00133435240886,0.0,0.000367647058824,0.0,0.000473484848485,0.000480769230769,0.0015368852459,0.00407608695652,-0.000961538461538,0.000512295081967,0.0,0.00135869565217,0.0,0.00290697674419,0.0,-0.000336021505376,0.0,0.0,0.00322897141518,0.000512295081967]}