{"timeslice":[1, 2, 3, 4, 5, 6, 7, 8, 9, 10, 11, 12, 13, 14, 15, 16, 17, 18, 19, 20],
"freq_difference":[0.0,0.00100806451613,0.00100806451613,-0.00493421052632,-0.00164473684211,-0.00657894736842,-0.00246710526316,-0.0064439316575,-0.00352268263943,-0.00328947368421,-0.00164473684211,0.0,0.0,0.0,0.0,0.0,0.0,0.0,0.0,0.0]}