{"timeslice":[1, 2, 3, 4, 5, 6, 7, 8, 9, 10, 11, 12, 13, 14, 15, 16, 17, 18, 19, 20],
"freq_difference":[0.0,0.0,0.0,0.0,0.0,0.0,0.0,0.0,-0.000744047619048,0.0,0.0,0.000143494897959,0.0,0.0,0.0,-0.000637755102041,0.0,0.0,0.0,0.000501286319613]}