{"timeslice":[1, 2, 3, 4, 5, 6, 7, 8, 9, 10, 11, 12, 13, 14, 15, 16, 17, 18, 19, 20],
"freq_difference":[0.00436580612151,0.00605239902745,0.000413011649427,-0.00273334952858,0.0136084831794,0.0101655758099,-0.00104485184176,0.00681506745854,0.0168186727067,-0.00589516527564,-1.79859999006e-05,0.00288442503328,-0.00511631956136,-0.00505570337041,0.000607405200793,-0.00237877689103,-0.00461376201963,-0.00430918494664,0.00413767074796,0.0137433236764]}