{"timeslice":[1, 2, 3, 4, 5, 6, 7, 8, 9, 10, 11, 12, 13, 14, 15, 16, 17, 18, 19, 20],
"freq_difference":[0.0,0.0,0.000496031746032,0.0,0.0,0.000744047619048,-0.00135869565217,0.0,0.0,0.0,0.0,-0.000454199763394,0.00102459016393,0.00256147540984,-0.00438988095238,0.00223214285714,-0.00030637254902,0.0,0.000112541953669,0.000157181445604]}