{"timeslice":[1, 2, 3, 4, 5, 6, 7, 8, 9, 10, 11, 12, 13, 14, 15, 16, 17, 18, 19, 20],
"freq_difference":[0.00404017600489,-0.00593412817164,-0.000122485785025,0.004746424842,-0.00542761213704,0.00466462150461,-0.00276759071502,0.0111053790127,0.00785597968241,0.0091085273499,0.0124734367246,0.00842272521762,0.00724296384835,-0.00244091650559,-0.005733606573,0.00582211284843,0.00777385556186,-0.00312384036358,0.00368807377862,0.00296461134838]}