{"timeslice":[1, 2, 3, 4, 5, 6, 7, 8, 9, 10, 11, 12, 13, 14, 15, 16, 17, 18, 19, 20],
"freq_difference":[0.000849272558008,0.00388710688553,0.00215106746049,-0.00358370820383,-0.00645972135514,-0.00181123363055,-0.00158250731731,-0.00267834630907,-0.000466417910448,0.000636303018475,-0.00215207617355,0.00102172900029,-0.000735469225014,-0.000475430753172,-0.00184273134662,-0.00361035314327,-0.0135369241027,-0.00559697743771,-0.00352800374135,-0.00473350147459]}